time (seconds),encoderLeft (meters),encoderRight (meters)
10.901,-0.00012294133193790913,-0.0001373386476188898
11.002,-0.0001241134450538084,-0.0001386447693221271
11.102,-0.0001252395159099251,-0.0001399012398906052
11.202,-0.0001263769227080047,-0.0001411714038113132
11.302,-0.00012756887008436024,-0.00014249279047362506
11.402,-0.00012870966747868806,-0.00014376563194673508
11.502,-0.00012987805530428886,-0.0001450635609216988
11.6,-0.000131045890157111,-0.0001463624503230676
11.702,-0.00013217581727076322,-0.00014762379578314722
11.802,-0.00013334877439774573,-0.00014892799663357437
11.902,-0.0001344892953056842,-0.00015019881539046764
12.002,-0.00013568159192800522,-0.00015152443666011095
12.102,-0.00013684951409231871,-0.00015282409731298685
12.203,-0.00013801155728287995,-0.00015412028005812317
12.303,-0.00013918655167799443,-0.00015542568871751428
12.403,-0.00014036607171874493,-0.0001567344443174079
12.502,-0.000141547730891034,-0.00015804838039912283
12.602,-0.00014267630467657,-0.00015930799418129027
12.701,-0.00014388530689757317,-0.00016064992814790457
12.801,-0.00014499320241156965,-0.00016189203597605228
12.901,-0.00014616148837376386,-0.0001631908817216754
13.002,-0.00014735135482624173,-0.00016451033297926188
13.102,-0.0001485033571952954,-0.0001657926186453551
13.2,-0.0001496600016253069,-0.00016708062321413308
13.301,-0.0001507924753241241,-0.0001683444861555472
13.403,-0.00015196239110082388,-0.0001696440449450165
13.502,-0.00015313106996472925,-0.00017094408394768834
13.602,-0.00015433391672559083,-0.0001722796296235174
13.701,-0.00015549133240710944,-0.00017357012256979942
13.803,-0.0001566768332850188,-0.00017488494631834328
13.902,-0.00015780537796672434,-0.00017614544776733965
14.002,-0.00015899317804723978,-0.0001774619158823043
14.102,-0.00016013185086194426,-0.0001787320215953514
14.204,-0.00016128258721437305,-0.00018001446733251214
14.301,-0.0001624555588932708,-0.0001813194976421073
14.403,-0.00016356722335331142,-0.00018256196926813573
14.502,-0.0001647501194383949,-0.00018387602176517248
14.600999999999999,-0.00016590407176408917,-0.0001851598353823647
14.701,-0.00016708778275642544,-0.00018647746765054762
14.802,-0.00016825749480631202,-0.00018777878722175956
14.902,-0.00016942103684414178,-0.00018907642515841872
15,-0.00017060029495041817,-0.00019038647587876767
15.102,-0.00017177109839394689,-0.00019168535072822124
15.202,-0.00017295469297096133,-0.00019300170242786407
15.298,-0.00017383413796778768,-0.00019398076983634382
15.402,-0.00017383413796778768,-0.00019398076983634382
15.502,-0.00017383413796778768,-0.00019398076983634382
15.602,-0.00017383413796778768,-0.00019398076983634382
15.702,-0.00017383413796778768,-0.00019398076983634382
15.802,-0.0001733278186293319,-0.00019381714810151607
15.901,-0.00017456893692724407,-0.0001951939339051023
16.001,-0.00017580276471562684,-0.00019655091455206275
16.102,-0.0001770336675690487,-0.0001979048684006557
16.202,-0.0001782719191396609,-0.00019926765526179224
16.302,-0.0001795073039829731,-0.00020062725525349379
16.402,-0.00018074501713272184,-0.0002019863313762471
16.502,-0.0001819808385334909,-0.000203344679903239
16.602,-0.00018321952666155994,-0.00020470665185712278
16.701999999999998,-0.00018445742898620665,-0.00020606580073945224
16.802,-0.00018569543317425996,-0.00020742465858347714
16.901,-0.0001869395637186244,-0.00020878894429188222
17.002,-0.0001881760690594092,-0.0002101465652231127
17.101,-0.00018938296125270426,-0.00021147678489796817
17.2,-0.0001905675744637847,-0.00021279121574480087
17.302,-0.00019170316227246076,-0.00021405804727692157
17.402,-0.00018123087647836655,-0.00022697169333696365
17.5,0.0009914198890328407,-0.0014026446733623743
17.602,0.002164873294532299,-0.0025790308136492968
17.701999999999998,0.0033382950350642204,-0.003755421843379736
17.801,0.004511727951467037,-0.00493180425837636
17.901,0.005685129668563604,-0.006108222529292107
18.003,0.0068585798144340515,-0.0072846002876758575
18.101,0.0080319968983531,-0.008460987359285355
18.201,0.009205478243529797,-0.009637326002120972
18.301,0.010378878563642502,-0.010813732631504536
18.402,0.011552337557077408,-0.011990093626081944
18.499,0.012725812382996082,-0.013166424818336964
18.602,0.013899221085011959,-0.014342837035655975
18.701999999999998,0.015072683803737164,-0.01551919523626566
18.801,0.016246138140559196,-0.016695568338036537
18.903,0.017419539391994476,-0.017871985211968422
19.002,0.018592974171042442,-0.019048377871513367
19.102,0.0197664313018322,-0.02022472396492958
19.202,0.02093985304236412,-0.021401122212409973
19.301,0.022113317623734474,-0.02257746271789074
19.402,0.0232867244631052,-0.023753877729177475
19.502,0.024460220709443092,-0.024930201470851898
19.602,0.02563364803791046,-0.02610659971833229
19.701999999999998,0.02680705301463604,-0.02728300169110298
19.802,0.027980530634522438,-0.02845936082303524
19.901,0.029153959825634956,-0.029635757207870483
20.002,0.030327385291457176,-0.03081214800477028
20.102,0.031500834971666336,-0.03198852390050888
20.202,0.03267429396510124,-0.03316488862037659
20.301,0.03384771943092346,-0.03434129059314728
20.402,0.035021159797906876,-0.035517677664756775
20.501,0.0361945703625679,-0.036694079637527466
20.602,0.0373680479824543,-0.03787042945623398
20.701999999999998,0.03854150325059891,-0.03904680907726288
20.803,0.03971490263938904,-0.040223222225904465
20.903,0.04088834673166275,-0.04139960557222366
21.002,0.04206176474690437,-0.04257599264383316
21.1,0.043235208839178085,-0.04375237599015236
21.202,0.04440867900848389,-0.04492871090769768
21.302,0.04558209702372551,-0.04610511288046837
21.405,0.046755559742450714,-0.04728147014975548
21.503,0.04796688258647919,-0.04839671030640602
21.601,0.052964307367801666,-0.04340173676609993
21.697,0.05796309933066368,-0.03840307146310806
21.801,0.06296193599700928,-0.03340436518192291
21.903,0.06796076893806458,-0.02840566821396351
22.002,0.07295958697795868,-0.0234069786965847
22.102,0.07795841991901398,-0.01840827614068985
22.2,0.08295730501413345,-0.013409522362053394
22.301,0.08795610815286636,-0.008410846814513206
22.401,0.09295491874217987,-0.003412163583561778
22.501,0.09795375168323517,0.0015865386230871081
22.598,0.10295262187719345,0.006585274823009968
22.701999999999998,0.10795142501592636,0.011583946645259857
22.801,0.11295025795698166,0.016582651063799858
22.902,0.11794906854629517,0.02158132940530777
23.002,0.12294793874025345,0.026580067351460457
23.096,0.12794670462608337,0.031578708440065384
23.199,0.13294558227062225,0.03657744452357292
23.3,0.13794437050819397,0.04157610982656479
23.401,0.14294326305389404,0.04657486081123352
23.501,0.14794206619262695,0.05157354474067688
23.601,0.15294092893600464,0.05657227337360382
23.699,0.15793974697589874,0.06157095730304718
23.802,0.16293856501579285,0.06656964868307114
23.901,0.16793744266033173,0.07156838476657867
24.002,0.17293626070022583,0.07656707614660263
24.099,0.17793507874011993,0.08156576752662659
24.202,0.18293389678001404,0.08656445145606995
24.302,0.18793275952339172,0.09156318753957748
24.401,0.1929316222667694,0.09656192362308502
24.497,0.1979304403066635,0.10156060010194778
24.602,0.20292928814888,0.10655931383371353
24.701999999999998,0.2079281359910965,0.11155802756547928
24.801,0.2129269689321518,0.11655674129724503
24.902,0.21792584657669067,0.12155548483133316
25.001,0.22292464971542358,0.12655416131019592
25.101,0.22792352735996246,0.13155288994312286
25.201,0.23286080360412598,0.13651372492313385
25.302,0.23168817162513733,0.1376897692680359
25.402,0.23051249980926514,0.13886362314224243
25.501,0.2293367236852646,0.1400374174118042
25.599,0.2281610071659088,0.14121124148368835
25.701,0.22698521614074707,0.14238500595092773
25.802,0.2258094996213913,0.14355884492397308
25.903,0.22463370859622955,0.14473262429237366
26,0.22345797717571259,0.14590643346309662
26.102,0.22228220105171204,0.1470802277326584
26.202,0.22110646963119507,0.14825403690338135
26.301,0.2199307382106781,0.1494278609752655
26.4,0.21875496208667755,0.15060164034366608
26.501,0.21757924556732178,0.15177546441555023
26.601,0.21640343964099884,0.1529492288827896
26.701999999999998,0.21522767841815948,0.15412300825119019
26.799,0.21411368250846863,0.1553346961736679
26.899,0.2191084772348404,0.1603316217660904
27.002,0.22410725057125092,0.16533027589321136
27.102,0.2291061282157898,0.1703290194272995
27.194,0.2341049611568451,0.17532771825790405
27.302,0.2391037791967392,0.1803264170885086
27.402,0.24410264194011688,0.18532514572143555
27.513,0.2491014450788498,0.1903238296508789
27.602,0.2541002929210663,0.19532252848148346
27.699,0.2590991258621216,0.2003212422132492
27.799,0.2640979588031769,0.20531992614269257
27.902,0.26909682154655457,0.2103186547756195
28.004,0.27409565448760986,0.21531736850738525
28.102,0.27909448742866516,0.2203160673379898
28.202,0.28409329056739807,0.22531475126743317
28.302,0.28909212350845337,0.23031342029571533
28.402,0.29409095644950867,0.23531214892864227
28.503,0.29908981919288635,0.2403108775615692
28.602,0.30408868193626404,0.24530959129333496
28.701999999999998,0.30908748507499695,0.2503082752227783
28.802,0.31408631801605225,0.2553069591522217
28.901,0.31908515095710754,0.2603056728839874
29,0.32408398389816284,0.2653043866157532
29.102,0.32908281683921814,0.27030307054519653
29.202,0.33408164978027344,0.2753017842769623
29.302,0.3390306234359741,0.2802506387233734
29.399,0.33902043104171753,0.28026342391967773
29.504,0.3378453552722931,0.28143638372421265
29.602,0.33666959404945374,0.2826101779937744
29.701999999999998,0.33549386262893677,0.28378400206565857
29.799,0.3343181014060974,0.28495779633522034
29.902,0.33314231038093567,0.2861315608024597
30.001,0.3319665491580963,0.2873053550720215
30.101,0.33079078793525696,0.28847914934158325
30.201,0.3296149969100952,0.289652943611145
30.301,0.32843926548957825,0.2908267378807068
30.402,0.3272634744644165,0.29200050234794617
30.501,0.32608768343925476,0.29317429661750793
30.602,0.3249119222164154,0.2943480908870697
30.696,0.32373619079589844,0.29552188515663147
30.802,0.3225604295730591,0.29669567942619324
30.901,0.32138457894325256,0.29786938428878784
31,0.3202088177204132,0.299043208360672
31.101,0.31903305649757385,0.3002169728279114
31.2,0.3178572654724121,0.30139076709747314
31.302,0.31668150424957275,0.3025645613670349
31.402,0.3155056834220886,0.3037382960319519
31.502,0.31432998180389404,0.30491214990615845
31.603,0.3131541311740875,0.30608585476875305
31.699,0.3119783103466034,0.30725961923599243
31.802,0.31080251932144165,0.3084334135055542
31.902,0.3096267580986023,0.30960720777511597
32.005,0.30845099687576294,0.31078097224235535
32.099,0.30727526545524597,0.3119547963142395
32.201,0.3060995042324066,0.31312859058380127
32.303,0.3049237132072449,0.31430235505104065
32.402,0.30374792218208313,0.3154761493206024
32.502,0.30257219076156616,0.3166499733924866
32.602,0.30139636993408203,0.31782370805740356
32.702,0.3002205789089203,0.31899747252464294
32.802,0.2990448474884033,0.3201712965965271
32.902,0.2978690564632416,0.3213450610637665
33.002,0.29669323563575745,0.32251882553100586
33.101,0.2955174744129181,0.32369258999824524
33.202,0.29434168338775635,0.324866384267807
33.302,0.2931658923625946,0.3260401487350464
33.402,0.29199010133743286,0.32721394300460815
33.502,0.2908143401145935,0.32838770747184753
33.601,0.28963857889175415,0.3295615017414093
33.697,0.2884628176689148,0.33073529601097107
33.802,0.2872871160507202,0.3319091498851776
33.901,0.28611132502555847,0.333082914352417
34.002,0.28493553400039673,0.33425670862197876
34.101,0.28382089734077454,0.3354683518409729
34.201,0.2888161838054657,0.3404653072357178
34.302,0.2938149571418762,0.34546396136283875
34.402,0.29881376028060913,0.3504626452922821
34.502,0.30381259322166443,0.35546132922172546
34.601,0.3088114559650421,0.3604600727558136
34.702,0.3138102889060974,0.36545875668525696
34.802,0.3188090920448303,0.3704574704170227
34.901,0.323807954788208,0.37545618414878845
35.002,0.3288067579269409,0.3804548382759094
35.101,0.3338055908679962,0.38545355200767517
35.202,0.3388044238090515,0.3904522657394409
35.298,0.3438032269477844,0.3954509496688843
35.402,0.3488020896911621,0.40044966340065
35.504,0.3538009226322174,0.40544837713241577
35.602,0.3587499260902405,0.41039761900901794
35.698,0.3587399423122406,0.4104105532169342
35.802,0.35756489634513855,0.4115836024284363
35.902,0.3563891351222992,0.41275739669799805
36.002,0.35521337389945984,0.4139311909675598
36.102,0.3540376126766205,0.4151049852371216
36.202,0.35286179184913635,0.41627874970436096
36.303,0.351686030626297,0.41745254397392273
36.401,0.35051026940345764,0.4186263382434845
36.502,0.3493344485759735,0.4198001027107239
36.601,0.34815865755081177,0.42097386717796326
36.701,0.34698286652565,0.42214763164520264
36.797,0.34580710530281067,0.4233214259147644
36.899,0.3446313440799713,0.42449522018432617
37.001,0.34345558285713196,0.42566901445388794
37.108,0.3422797620296478,0.4268427789211273
37.202,0.3411039710044861,0.4280165731906891
37.302,0.33992817997932434,0.42919033765792847
37.402,0.338752418756485,0.43036413192749023
37.5,0.33757665753364563,0.431537926197052
37.601,0.3364008665084839,0.4327116906642914
37.702,0.33522510528564453,0.43388548493385315
37.801,0.3340493142604828,0.4350592792034149
37.902,0.33287352323532104,0.4362330734729767
38.001,0.3316977620124817,0.43740686774253845
38.102,0.33052200078964233,0.4385806620121002
38.202,0.3293462097644806,0.4397544264793396
38.301,0.32817041873931885,0.44092822074890137
38.401,0.3269946277141571,0.44210198521614075
38.502,0.32581886649131775,0.4432757794857025
38.601,0.3246431052684784,0.4444495737552643
38.702,0.32346734404563904,0.44562336802482605
38.807,0.3222915530204773,0.44679713249206543
38.902,0.32111576199531555,0.4479709267616272
39.002,0.3199400007724762,0.44914472103118896
39.101,0.31876420974731445,0.45031848549842834
39.201,0.3175884485244751,0.4514922797679901
39.302,0.31641268730163574,0.4526660740375519
39.401,0.315236896276474,0.45383986830711365
39.502,0.31406110525131226,0.45501360297203064
39.601,0.3128853440284729,0.4561874270439148
39.702,0.31170961260795593,0.45736122131347656
39.802,0.3105338513851166,0.45853501558303833
39.902,0.30935806035995483,0.4597088098526001
40.002,0.3081822991371155,0.46088260412216187
40.103,0.30700650811195374,0.46205636858940125
40.205,0.3058306872844696,0.4632301330566406
40.302,0.30465492606163025,0.46440389752388
40.401,0.3034791648387909,0.4655776917934418
40.502,0.30230337381362915,0.46675148606300354
40.602,0.3011276125907898,0.4679252803325653
40.701,0.29995182156562805,0.4690990447998047
40.802,0.2987760305404663,0.47027283906936646
40.901,0.29760026931762695,0.4714466333389282
41.002,0.2964245080947876,0.4726203978061676
41.102,0.29524871706962585,0.47379419207572937
41.202,0.2940729260444641,0.47496795654296875
41.305,0.29289719462394714,0.4761418104171753
41.401,0.2917214035987854,0.4773155450820923
41.502,0.2905457019805908,0.47848939895629883
41.601,0.2893698811531067,0.4796631634235382
41.702,0.28819409012794495,0.4808369278907776
41.802,0.2870183289051056,0.48201069235801697
41.901,0.28584256768226624,0.4831845164299011
42.002,0.2846668064594269,0.4843582808971405
42.102,0.28349098563194275,0.4855320453643799
42.202,0.28237634897232056,0.4867437183856964
42.299,0.28737175464630127,0.4917408525943756
42.401,0.2923705577850342,0.49673953652381897
42.502,0.29736942052841187,0.5017382502555847
42.602,0.30236825346946716,0.5067369341850281
42.702,0.30736708641052246,0.5117356777191162
42.809,0.31236588954925537,0.5167343616485596
42.902,0.31736472249031067,0.5217330455780029
43.003,0.32236355543136597,0.5267317295074463
43.099,0.3273623585700989,0.5317304134368896
43.199,0.33236122131347656,0.5367291569709778
43.302,0.33736008405685425,0.5417279005050659
43.4,0.34235885739326477,0.5467265248298645
43.499,0.34735774993896484,0.5517252683639526
43.597,0.35235655307769775,0.556723952293396
43.702,0.35735541582107544,0.5617226958274841
43.801,0.36235424876213074,0.5667213797569275
43.902,0.3673035800457001,0.5716705918312073
44.002,0.3672933280467987,0.5716838240623474
44.102,0.36611831188201904,0.5728569030761719
44.201,0.36500370502471924,0.5740686058998108
44.301,0.36999914050102234,0.5790657997131348
44.4,0.3749978840351105,0.5840644240379333
44.502,0.3799966871738434,0.5890631079673767
44.596,0.38499554991722107,0.5940618515014648
44.702,0.38999438285827637,0.5990605354309082
44.804,0.3949931859970093,0.6040592193603516
44.903,0.3999919891357422,0.6090579032897949
45.003,0.4049908518791199,0.6140566468238831
45.102,0.40998968482017517,0.6190553307533264
45.201,0.41498851776123047,0.6240540146827698
45.301,0.41998738050460815,0.6290527582168579
45.402,0.42498621344566345,0.6340514421463013
45.5,0.42998501658439636,0.6390501260757446
45.6,0.43498384952545166,0.644048810005188
45.7,0.43998271226882935,0.6490475535392761
45.802,0.4449816048145294,0.6540462970733643
45.902,0.44998040795326233,0.6590449810028076
46.006,0.45497927069664,0.6640437245368958
46.101,0.4599780738353729,0.6690424084663391
46.201,0.4649769365787506,0.6740410923957825
46.302,0.4699757993221283,0.6790398359298706
46.402,0.4749746024608612,0.684038519859314
46.501,0.4799734354019165,0.6890372037887573
46.601,0.4849722683429718,0.6940358877182007
46.702,0.4899711012840271,0.6990346312522888
46.8,0.4949699342250824,0.7040333151817322
46.901,0.4999687373638153,0.7090319991111755
47.002,0.5049676299095154,0.7140307426452637
47.097,0.5099169611930847,0.7189799547195435
47.202,0.5099301934242249,0.7189698219299316
47.301,0.5111029148101807,0.7177941799163818
47.398,0.5122764706611633,0.7166178226470947
47.499,0.5134498476982117,0.7154414057731628
47.601,0.5146232843399048,0.7142650485038757
47.701,0.5157967209815979,0.7130886316299438
47.802,0.516970157623291,0.7119122743606567
47.899,0.5181435942649841,0.7107359170913696
48,0.5193170309066772,0.7095595002174377
48.099,0.5204904675483704,0.7083831429481506
48.201,0.5216639041900635,0.7072067856788635
48.301,0.5228373408317566,0.7060304284095764
48.402,0.5240108370780945,0.7048540115356445
48.502,0.5251842141151428,0.7036775946617126
48.602,0.5263577103614807,0.7025012969970703
48.702,0.5275311470031738,0.7013248801231384
48.8,0.5287045836448669,0.7001485228538513
48.902,0.5298780202865601,0.6989721655845642
49.002,0.5310514569282532,0.6977957487106323
49.101,0.5322249531745911,0.69661945104599
49.202,0.5333983898162842,0.6954430341720581
49.302,0.5345718264579773,0.6942666172981262
49.402,0.5357452630996704,0.6930902600288391
49.502,0.5369186401367188,0.6919138431549072
49.602,0.538129985332489,0.6907986402511597
49.701,0.5431274771690369,0.695793867111206
49.802,0.5481262803077698,0.7007925510406494
49.902,0.5531250834465027,0.7057912349700928
50.002,0.5581239461898804,0.7107899785041809
50.101,0.5631228089332581,0.7157886624336243
50.202,0.5681215524673462,0.7207873463630676
50.3,0.5731204152107239,0.725786030292511
50.401,0.5781192183494568,0.7307847142219543
50.502,0.5831180810928345,0.7357833981513977
50.601,0.5881168842315674,0.7407821416854858
50.701,0.5931156873703003,0.7457808256149292
50.802,0.5981144905090332,0.7507795095443726
50.902,0.6031133532524109,0.7557781338691711
51.001,0.6081121563911438,0.7607768177986145
51.098,0.6131109595298767,0.7657755613327026
51.202,0.6181098818778992,0.7707743048667908
51.302,0.6231086850166321,0.7757729887962341
51.401,0.628107488155365,0.7807716727256775
51.501,0.6331063508987427,0.7857704162597656
51.602,0.6381052136421204,0.790769100189209
51.701,0.6431040167808533,0.7957677841186523
51.802,0.648102879524231,0.8007665276527405
51.902,0.6531016826629639,0.8057652115821838
52.002,0.6581005454063416,0.810763955116272
52.101,0.6630993485450745,0.8157626390457153
52.201,0.6680982708930969,0.8207613825798035
52.295,0.6730970740318298,0.8257600665092468
52.401,0.6780959367752075,0.830758810043335
52.493,0.6830947399139404,0.8357574939727783
52.602,0.6880936026573181,0.8407561779022217
52.702,0.6930924654006958,0.8457549214363098
52.8,0.6980912685394287,0.8507536053657532
52.902,0.7030901312828064,0.8557522892951965
53.002,0.7080889344215393,0.8607509732246399
53.102,0.713087797164917,0.865749716758728
53.201,0.7180866003036499,0.8707484006881714
53.301,0.7230854034423828,0.8757470846176147
53.402,0.7280842661857605,0.8807458281517029
53.501,0.733083188533783,0.885744571685791
53.602,0.7380819916725159,0.8907432556152344
53.701,0.7430808544158936,0.8957419991493225
53.802,0.7480796575546265,0.9007406830787659
53.902,0.7530784606933594,0.9057393670082092
54,0.7580773234367371,0.9107381105422974
54.1,0.76307612657547,0.9157367944717407
54.201,0.7680749893188477,0.9207354784011841
54.301,0.7730738520622253,0.9257342219352722
54.401,0.7780726552009583,0.9307329058647156
54.501,0.7830715179443359,0.9357316493988037
54.602,0.7880208492279053,0.9406808614730835
54.702,0.7880338430404663,0.9406707286834717
54.801,0.7892065644264221,0.9394950866699219
54.902,0.7903800010681152,0.9383187294006348
55.003,0.7915534377098083,0.9371423125267029
55.101,0.7927268743515015,0.9359659552574158
55.201,0.7939003109931946,0.9347895979881287
55.302,0.7950737476348877,0.9336131811141968
55.402,0.7962472438812256,0.9324368238449097
55.508,0.7974206805229187,0.9312604665756226
55.602,0.7985941171646118,0.9300840497016907
55.702,0.7997675538063049,0.9289076328277588
55.802,0.800940990447998,0.9277312755584717
55.9,0.8021143674850464,0.9265548586845398
56.002,0.8032878637313843,0.9253785014152527
56.102,0.8044613003730774,0.9242021441459656
56.2,0.8056347370147705,0.9230257272720337
56.301,0.8068081736564636,0.9218493700027466
56.399,0.807981550693512,0.9206729531288147
56.502,0.8091549873352051,0.9194965362548828
56.601,0.8103284239768982,0.9183201789855957
56.7,0.8115018606185913,0.9171438217163086
56.802,0.8126752972602844,0.9159674048423767
56.897,0.8138487339019775,0.9147909879684448
57.002,0.8150221705436707,0.9136146306991577
57.101,0.8161956071853638,0.9124382734298706
57.202,0.8173691034317017,0.9112619161605835
57.303,0.81854248046875,0.9100854992866516
57.401,0.8197159171104431,0.9089091420173645
57.501,0.820889413356781,0.9077327847480774
57.601,0.8221007585525513,0.9066175818443298
57.702,0.8270981907844543,0.9116125106811523
57.802,0.8320969343185425,0.9166111350059509
57.902,0.8370957970619202,0.9216098785400391
58.003,0.8420946598052979,0.9266085624694824
58.1,0.8470935225486755,0.9316073060035706
58.202,0.8520923256874084,0.9366059899330139
58.302,0.8570911884307861,0.941604733467102
58.402,0.862089991569519,0.9466034173965454
58.502,0.8670888543128967,0.9516021609306335
58.597,0.8720876574516296,0.9566008448600769
58.703,0.8770864605903625,0.9615995287895203
58.802,0.8820853233337402,0.9665982127189636
58.902,0.8870841860771179,0.9715969562530518
59.002,0.8920829892158508,0.9765956401824951
59.102,0.8970818519592285,0.9815943241119385
59.201,0.9020807147026062,0.9865930676460266
59.302,0.9070795178413391,0.99159175157547
59.402,0.9120783805847168,0.9965904951095581
59.502,0.9170771837234497,1.0015891790390015
59.6,0.9220760464668274,1.0065878629684448
59.702,0.9270749092102051,1.0115866661071777
59.792,0.932073712348938,1.016585350036621
59.902,0.9370725750923157,1.0215840339660645
60.001,0.9420713782310486,1.0265827178955078
60.1,0.9470702409744263,1.0315814018249512
60.202,0.9520690441131592,1.0365800857543945
60.302,0.9570679068565369,1.0415788888931274
60.402,0.9620667099952698,1.0465775728225708
60.498,0.9670655131340027,1.0515762567520142
60.602,0.9720643758773804,1.0565749406814575
60.702,0.9770631790161133,1.0615736246109009
60.802,0.982062041759491,1.0665723085403442
60.901,0.9870609045028687,1.0715709924697876
61.002,0.9920597076416016,1.076569676399231
61.101,0.9970585107803345,1.0815683603286743
61.202,1.0020573139190674,1.0865671634674072
61.302,1.0070562362670898,1.0915658473968506
61.402,1.0120550394058228,1.096564531326294
61.502,1.0170538425445557,1.1015632152557373
61.603,1.0220526456832886,1.1065618991851807
61.702,1.027051568031311,1.111560583114624
61.802,1.032050371170044,1.116559386253357
61.901,1.0370491743087769,1.1215580701828003
62.002,1.0420479774475098,1.1265567541122437
62.101,1.0470467805862427,1.131555438041687
62.201,1.0520457029342651,1.1365541219711304
62.302,1.057044506072998,1.1415528059005737
62.402,1.062043309211731,1.146551489830017
62.502,1.0670422315597534,1.15155029296875
62.603,1.0720410346984863,1.1565489768981934
62.698,1.0770398378372192,1.1615476608276367
62.802,1.0820387601852417,1.16654634475708
62.901,1.0870375633239746,1.171545147895813
63,1.092036485671997,1.1765438318252563
63.103,1.09703528881073,1.1815425157546997
63.202,1.102034091949463,1.186541199684143
63.3,1.1070328950881958,1.191540002822876
63.402,1.1120318174362183,1.1965386867523193
63.502,1.1170306205749512,1.2015373706817627
63.601,1.122029423713684,1.206536054611206
63.702,1.1270283460617065,1.2115347385406494
63.799,1.1320271492004395,1.2165334224700928
63.902,1.1370259523391724,1.2215322256088257
64.002,1.1420247554779053,1.226530909538269
64.1,1.1470236778259277,1.2315295934677124
64.202,1.1520224809646606,1.2365282773971558
64.302,1.1570212841033936,1.2415269613265991
64.399,1.1620200872421265,1.2465256452560425
64.501,1.167019009590149,1.2515244483947754
64.601,1.1720178127288818,1.2565231323242188
64.699,1.1770166158676147,1.261521816253662
64.801,1.1820154190063477,1.2665205001831055
64.9,1.1870142221450806,1.2715191841125488
65.001,1.192013144493103,1.2765178680419922
65.103,1.197011947631836,1.281516671180725
65.201,1.2020107507705688,1.2865153551101685
65.3,1.2070096731185913,1.2915140390396118
65.402,1.2120084762573242,1.2965127229690552
65.502,1.2170072793960571,1.3015114068984985
65.602,1.22200608253479,1.306510090827942
65.702,1.227004885673523,1.3115087747573853
65.802,1.2320036888122559,1.3165074586868286
65.902,1.2370026111602783,1.321506142616272
66.002,1.2420014142990112,1.3265049457550049
66.102,1.2470002174377441,1.3315036296844482
66.201,1.251999020576477,1.3365023136138916
66.301,1.2569979429244995,1.341500997543335
66.402,1.2619967460632324,1.3464996814727783
66.501,1.2669955492019653,1.3514983654022217
66.601,1.2719943523406982,1.356497049331665
66.701,1.2769931554794312,1.3614957332611084
66.801,1.281991958618164,1.3664944171905518
66.902,1.2869908809661865,1.3714931011199951
67.002,1.2919896841049194,1.376491904258728
67.102,1.2969884872436523,1.3814905881881714
67.2,1.3019874095916748,1.3864892721176147
67.301,1.3069862127304077,1.391487956047058
67.402,1.3119850158691406,1.3964866399765015
67.502,1.316983938217163,1.4014854431152344
67.602,1.321982741355896,1.4064841270446777
67.702,1.326981544494629,1.411482810974121
67.802,1.3319803476333618,1.4164814949035645
67.901,1.3369792699813843,1.4214802980422974
68.002,1.3419780731201172,1.4264789819717407
68.101,1.3469769954681396,1.431477665901184
68.198,1.3519757986068726,1.436476469039917
68.301,1.3569746017456055,1.4414751529693604
68.401,1.361973524093628,1.4464738368988037
68.502,1.3669723272323608,1.451472520828247
68.602,1.3719213008880615,1.4564217329025269
68.702,1.3719345331192017,1.4564112424850464
68.802,1.3731071949005127,1.4552357196807861
68.902,1.3742806911468506,1.454059362411499
69.002,1.3754541873931885,1.452883005142212
69.101,1.3766275644302368,1.4517065286636353
69.206,1.3778010606765747,1.4505301713943481
69.298,1.378974437713623,1.449353814125061
69.401,1.380147933959961,1.448177456855774
69.501,1.3813213109970093,1.4470010995864868
69.6,1.3824948072433472,1.4458247423171997
69.699,1.3836681842803955,1.4446483850479126
69.8,1.3848416805267334,1.443471908569336
69.902,1.3860150575637817,1.4422955513000488
70.001,1.3871885538101196,1.4411191940307617
70.102,1.388361930847168,1.439942717552185
70.203,1.3895354270935059,1.438766360282898
70.3,1.3907088041305542,1.4375900030136108
70.397,1.391882300376892,1.4364136457443237
70.502,1.3930556774139404,1.4352372884750366
70.601,1.3942290544509888,1.43406081199646
70.702,1.3954404592514038,1.4329456090927124
70.802,1.400437831878662,1.4379404783248901
70.901,1.405436635017395,1.4429391622543335
71.002,1.410435438156128,1.4479378461837769
71.102,1.4154343605041504,1.4529365301132202
71.202,1.4204331636428833,1.4579352140426636
71.302,1.4254319667816162,1.462933897972107
71.402,1.4304307699203491,1.4679325819015503
71.502,1.435429573059082,1.4729312658309937
71.602,1.440428376197815,1.477929949760437
71.702,1.4454271793365479,1.4829286336898804
71.802,1.4504261016845703,1.4879274368286133
71.902,1.4554249048233032,1.492926001548767
72.002,1.4604237079620361,1.4979248046875
72.101,1.4654226303100586,1.5029234886169434
72.202,1.4704214334487915,1.5079221725463867
72.306,1.4754202365875244,1.51292085647583
72.402,1.4804190397262573,1.5179195404052734
72.503,1.4854178428649902,1.5229182243347168
72.601,1.4904167652130127,1.5279170274734497
72.7,1.4954155683517456,1.532915711402893
72.801,1.5004143714904785,1.5379143953323364
72.901,1.5054131746292114,1.5429130792617798
73.002,1.5104120969772339,1.5479117631912231
73.1,1.5154109001159668,1.5529104471206665
73.202,1.5204098224639893,1.5579092502593994
73.302,1.5254086256027222,1.5629079341888428
73.405,1.530407428741455,1.5679066181182861
73.496,1.535406231880188,1.5729053020477295
73.602,1.5404051542282104,1.5779039859771729
73.7,1.5454039573669434,1.5829027891159058
73.801,1.5504027605056763,1.5879014730453491
73.902,1.5554015636444092,1.5929001569747925
74.002,1.5604004859924316,1.5978988409042358
74.102,1.5653992891311646,1.6028975248336792
74.202,1.5703980922698975,1.6078962087631226
74.302,1.5753968954086304,1.6128950119018555
74.4,1.5803956985473633,1.6178936958312988
74.502,1.5853946208953857,1.6228923797607422
74.601,1.5903934240341187,1.6278910636901855
74.702,1.5953922271728516,1.632889747619629
74.802,1.6003910303115845,1.6378884315490723
74.902,1.605389952659607,1.6428871154785156
75,1.6103887557983398,1.6478859186172485
75.102,1.6153876781463623,1.652884602546692
75.2,1.6203864812850952,1.6578832864761353
75.303,1.6253854036331177,1.6628820896148682
75.402,1.6303842067718506,1.6678807735443115
75.502,1.6353830099105835,1.6728794574737549
75.601,1.6403818130493164,1.6778781414031982
75.702,1.6453807353973389,1.6828768253326416
75.802,1.6503795385360718,1.687875509262085
75.901,1.6553783416748047,1.6928741931915283
76.004,1.6603771448135376,1.6978729963302612
76.102,1.6653759479522705,1.7028716802597046
76.201,1.670374870300293,1.707870364189148
76.304,1.6753736734390259,1.7128690481185913
76.401,1.6803724765777588,1.7178678512573242
76.498,1.6853713989257812,1.7228665351867676
76.602,1.6903702020645142,1.727865219116211
76.701,1.695369005203247,1.7328639030456543
76.801,1.70036780834198,1.7378625869750977
76.902,1.7053667306900024,1.742861270904541
77.004,1.7103655338287354,1.747860074043274
77.101,1.7153644561767578,1.7528587579727173
77.201,1.7203632593154907,1.7578574419021606
77.296,1.7253620624542236,1.762856125831604
77.401,1.7303608655929565,1.767854928970337
77.501,1.735359787940979,1.7728536128997803
77.602,1.740358591079712,1.7778522968292236
77.702,1.7453573942184448,1.782850980758667
77.801,1.7503563165664673,1.7878497838974
77.901,1.7553551197052002,1.7928484678268433
78.002,1.7603540420532227,1.7978471517562866
78.098,1.7653528451919556,1.80284583568573
78.202,1.7703516483306885,1.807844638824463
78.302,1.7753504514694214,1.8128433227539062
78.393,1.7803493738174438,1.8178420066833496
78.502,1.7853481769561768,1.822840690612793
78.596,1.7903469800949097,1.8278393745422363
78.702,1.7953459024429321,1.8328380584716797
78.802,1.800344705581665,1.8378368616104126
78.902,1.805343508720398,1.842835545539856
79.001,1.8103423118591309,1.8478342294692993
79.101,1.8153411149978638,1.8528329133987427
79.202,1.8203400373458862,1.857831597328186
79.302,1.8253388404846191,1.862830400466919
79.4,1.830337643623352,1.8678290843963623
79.501,1.8353365659713745,1.8728277683258057
79.602,1.8403353691101074,1.877826452255249
79.701,1.8453342914581299,1.8828251361846924
79.802,1.8503330945968628,1.8878239393234253
79.902,1.8553318977355957,1.8928226232528687
80.003,1.8603308200836182,1.897821307182312
80.1,1.865329623222351,1.9028199911117554
80.201,1.870328426361084,1.9078187942504883
80.302,1.875327229499817,1.912817358970642
80.396,1.8803260326385498,1.9178160429000854
80.502,1.8853248357772827,1.9228147268295288
80.602,1.8903237581253052,1.9278135299682617
80.701,1.895322561264038,1.932812213897705
80.801,1.900321364402771,1.9378108978271484
80.902,1.905320167541504,1.9428095817565918
81.001,1.9103189706802368,1.9478082656860352
81.1,1.9153178930282593,1.9528069496154785
81.201,1.9203166961669922,1.9578057527542114
81.302,1.9253156185150146,1.9628044366836548
81.402,1.9303144216537476,1.9678031206130981
81.502,1.9353132247924805,1.9728018045425415
81.601,1.9403120279312134,1.9778004884719849
81.701,1.9453109502792358,1.9827992916107178
81.801,1.9503097534179688,1.9877979755401611
81.902,1.9553086757659912,1.9927966594696045
82.002,1.9603074789047241,1.9977954626083374
82.101,1.965306282043457,2.002794027328491
82.202,1.9703052043914795,2.0077929496765137
82.301,1.9753040075302124,2.012791633605957
82.397,1.9803028106689453,2.0177903175354004
82.502,1.9853017330169678,2.0227890014648438
82.601,1.9903005361557007,2.027787685394287
82.702,1.9952993392944336,2.0327863693237305
82.802,2.000298261642456,2.037785053253174
82.902,2.0052969455718994,2.042783737182617
83.001,2.010295867919922,2.0477824211120605
83.102,2.0152947902679443,2.052781105041504
83.2,2.0202934741973877,2.0577797889709473
83.302,2.02529239654541,2.0627784729003906
83.402,2.0302910804748535,2.067777156829834
83.502,2.035290002822876,2.0727760791778564
83.6,2.0402886867523193,2.0777745246887207
83.701,2.045287609100342,2.082773447036743
83.802,2.0502865314483643,2.0877721309661865
83.901,2.0552852153778076,2.09277081489563
84.002,2.06028413772583,2.0977694988250732
84.108,2.0652830600738525,2.1027681827545166
84.202,2.070281744003296,2.10776686668396
84.302,2.0752806663513184,2.1127655506134033
84.402,2.0802793502807617,2.1177642345428467
84.502,2.085278272628784,2.12276291847229
84.597,2.0902771949768066,2.1277616024017334
84.702,2.09527587890625,2.1327602863311768
84.802,2.1002748012542725,2.137759208679199
84.901,2.105273723602295,2.1427578926086426
85.001,2.1102724075317383,2.147756576538086
85.101,2.1152713298797607,2.15275502204895
85.202,2.120270013809204,2.1577537059783936
85.302,2.1252689361572266,2.162752628326416
85.402,2.130267858505249,2.1677513122558594
85.499,2.1352665424346924,2.1727499961853027
85.601,2.140265464782715,2.177748680114746
85.701,2.145264148712158,2.1827473640441895
85.802,2.1502630710601807,2.187746047973633
85.902,2.155261993408203,2.192744731903076
86.002,2.1602606773376465,2.1977434158325195
86.102,2.165259599685669,2.202742338180542
86.205,2.1702585220336914,2.2077410221099854
86.3,2.175257444381714,2.2127397060394287
86.402,2.1802561283111572,2.217738389968872
86.498,2.1852550506591797,2.2227370738983154
86.602,2.190253734588623,2.227735757827759
86.702,2.1952526569366455,2.232734441757202
86.803,2.200251579284668,2.2377331256866455
86.902,2.2052505016326904,2.242732048034668
86.991,2.210249185562134,2.2477307319641113
87.102,2.2152481079101562,2.2527294158935547
87.202,2.2202467918395996,2.257728099822998
87.302,2.225245714187622,2.2627267837524414
87.402,2.2302446365356445,2.2677254676818848
87.501,2.235243320465088,2.272724151611328
87.604,2.2402422428131104,2.2777228355407715
87.702,2.245241165161133,2.282721519470215
87.801,2.250239849090576,2.287720203399658
87.902,2.2552387714385986,2.2927191257476807
88.002,2.260237693786621,2.297717809677124
88.095,2.2652363777160645,2.3027164936065674
88.201,2.270235300064087,2.3077151775360107
88.3,2.2752342224121094,2.312713861465454
88.402,2.2802329063415527,2.3177125453948975
88.501,2.285231828689575,2.322711229324341
88.602,2.2902307510375977,2.327709913253784
88.702,2.295229434967041,2.3327085971832275
88.803,2.300173282623291,2.3376901149749756
88.902,2.3051412105560303,2.3426671028137207
89.002,2.3101065158843994,2.3476407527923584
89.099,2.3150570392608643,2.3526062965393066
89.199,2.3200061321258545,2.3575682640075684
89.3,2.32495379447937,2.3625271320343018
89.402,2.3299012184143066,2.367483615875244
89.502,2.3348491191864014,2.3724365234375
89.602,2.339796304702759,2.377389669418335
89.702,2.3447444438934326,2.3823399543762207
89.802,2.349693536758423,2.387287139892578
89.899,2.3546650409698486,2.3922483921051025
89.992,2.359645128250122,2.3972182273864746
90.102,2.3646295070648193,2.402194023132324
90.202,2.3696141242980957,2.4071731567382812
90.305,2.374598503112793,2.4121551513671875
90.402,2.3795835971832275,2.4171364307403564
90.497,2.384568691253662,2.4221184253692627
90.602,2.389554023742676,2.4270999431610107
90.7,2.3945393562316895,2.432081937789917
90.801,2.399524688720703,2.437063694000244
90.898,2.404510259628296,2.4420456886291504
91.002,2.4094958305358887,2.4470276832580566
91.102,2.4144816398620605,2.452009439468384
91.202,2.4194674491882324,2.45699143409729
91.302,2.4244532585144043,2.4619734287261963
91.402,2.429439067840576,2.4669554233551025
91.502,2.434425115585327,2.471937417984009
91.602,2.439411163330078,2.476919412612915
91.702,2.444397449493408,2.4819016456604004
91.796,2.4493839740753174,2.4868834018707275
91.902,2.4543704986572266,2.491865873336792
92.003,2.4593570232391357,2.4968481063842773
92.1,2.464343547821045,2.5018303394317627
92.201,2.469330310821533,2.506812334060669
92.301,2.4743168354034424,2.5117948055267334
92.4,2.4793035984039307,2.516777276992798
92.503,2.484290838241577,2.521759510040283
92.602,2.4892776012420654,2.5267419815063477
92.702,2.494264841079712,2.531724452972412
92.803,2.4992518424987793,2.5367069244384766
92.902,2.504239082336426,2.54168963432312
93.002,2.509226083755493,2.5466721057891846
93.106,2.5142133235931396,2.551654577255249
93.202,2.5192008018493652,2.5566372871398926
93.3,2.5241880416870117,2.561619997024536
93.402,2.5291755199432373,2.5666027069091797
93.502,2.534162998199463,2.5715854167938232
93.597,2.5391507148742676,2.576568126678467
93.7,2.5441384315490723,2.5815508365631104
93.805,2.549126148223877,2.586533546447754
93.9,2.5541141033172607,2.5915164947509766
94.001,2.5591018199920654,2.596498966217041
94.102,2.564089775085449,2.6014821529388428
94.201,2.569077730178833,2.6064651012420654
94.302,2.574065685272217,2.611448049545288
94.402,2.5790538787841797,2.6164307594299316
94.502,2.5840418338775635,2.6214137077331543
94.603,2.5890300273895264,2.626396656036377
94.702,2.5940184593200684,2.6313796043395996
94.802,2.5990068912506104,2.6363625526428223
94.91,2.6039950847625732,2.641345500946045
94.999,2.6089837551116943,2.6463282108306885
95.105,2.6139721870422363,2.651311159133911
95.205,2.6189606189727783,2.656294584274292
95.304,2.6239492893218994,2.6612775325775146
95.402,2.6289379596710205,2.6662607192993164
95.502,2.6339263916015625,2.6712441444396973
95.602,2.6389150619506836,2.676227331161499
95.702,2.6439037322998047,2.68121075630188
95.802,2.6488921642303467,2.6861941814422607
95.901,2.653881072998047,2.6911776065826416
96.004,2.658869743347168,2.6961610317230225
96.101,2.663858652114868,2.7011444568634033
96.202,2.6688475608825684,2.706127643585205
96.303,2.6738364696502686,2.711111307144165
96.402,2.678825616836548,2.716094732284546
96.502,2.683814525604248,2.721078395843506
96.603,2.6888034343719482,2.7260618209838867
96.698,2.6937923431396484,2.7310452461242676
96.801,2.6987814903259277,2.7360289096832275
96.9,2.703770637512207,2.7410125732421875
97.003,2.708759307861328,2.7459962368011475
97.1,2.7137484550476074,2.7509799003601074
97.205,2.7187373638153076,2.7559635639190674
97.302,2.723726272583008,2.7609474658966064
97.402,2.728715181350708,2.7659311294555664
97.502,2.7337045669555664,2.770914077758789
97.602,2.7386934757232666,2.775897979736328
97.702,2.743682622909546,2.78088116645813
97.803,2.748671531677246,2.785865068435669
97.902,2.7536606788635254,2.79084849357605
98.002,2.7586498260498047,2.7958316802978516
98.096,2.763638734817505,2.8008151054382324
98.202,2.768627882003784,2.805798053741455
98.302,2.7736167907714844,2.810781717300415
98.402,2.7786059379577637,2.815764904022217
98.501,2.783595085144043,2.820749282836914
98.601,2.7885844707489014,2.825732707977295
98.701,2.7935733795166016,2.830717086791992
98.802,2.7985622882843018,2.8357009887695312
98.901,2.803551435470581,2.8406851291656494
99.002,2.8085408210754395,2.845668077468872
99.097,2.8135299682617188,2.8506524562835693
99.202,2.818519115447998,2.8556365966796875
99.302,2.8235082626342773,2.8606202602386475
99.402,2.8284976482391357,2.8656041622161865
99.502,2.833486795425415,2.8705880641937256
99.601,2.8384759426116943,2.8755722045898438
99.709,2.8434648513793945,2.880556583404541
99.801,2.848454236984253,2.885540246963501
99.902,2.8534438610076904,2.8905246257781982
100.002,2.8584327697753906,2.8955090045928955
100.102,2.863422155380249,2.9004931449890137
100.202,2.8684113025665283,2.905477523803711
100.302,2.8734004497528076,2.9104621410369873
100.402,2.878389596939087,2.9154465198516846
100.502,2.883378744125366,2.92043137550354
100.602,2.8883678913116455,2.925415515899658
100.702,2.8933568000793457,2.930399179458618
100.799,2.898345708847046,2.9353840351104736
100.902,2.903334856033325,2.940368413925171
101.002,2.908324718475342,2.9453532695770264
101.102,2.913313627243042,2.9503374099731445
101.202,2.9183027744293213,2.955321788787842
101.293,2.9232921600341797,2.960305690765381
101.403,2.928280830383301,2.9652905464172363
101.502,2.93326997756958,2.9702749252319336
101.602,2.9382591247558594,2.975259780883789
101.701,2.9432485103607178,2.9802441596984863
101.802,2.948237657546997,2.9852287769317627
101.902,2.9532268047332764,2.99021315574646
102.001,2.9581658840179443,2.995147943496704
102.102,2.9581592082977295,2.9951422214508057
102.201,2.958153009414673,2.995138645172119
102.302,2.958146333694458,2.9951353073120117
102.402,2.9581398963928223,2.9951319694519043
102.502,2.9581332206726074,2.995128631591797
102.602,2.958127021789551,2.9951252937316895
102.699,2.958120346069336,2.995121717453003
102.802,2.9581143856048584,2.9951186180114746
102.9,2.9581093788146973,2.9951159954071045
103.003,2.958104133605957,2.9951136112213135
103.102,2.958098888397217,2.9951112270355225
103.202,2.9580936431884766,2.9951088428497314
103.302,2.9580886363983154,2.9951064586639404
103.4,2.95808482170105,2.9951043128967285
103.502,2.958081007003784,2.9951019287109375
103.602,2.9580771923065186,2.9950997829437256
